player,birthday
大和,1987-11-05
柴田　講平,1986-07-17
鳥谷　敬,1981-06-26
北條　史也,1994-07-29
関本　賢太郎,1978-08-26
上本　博紀,1986-07-04
ゴメス,1984-09-07
西岡　剛,1984-07-27
福留　孝介,1977-04-26
マートン,1981-10-03
渡辺　亮,1982-02-10
榎田　大樹,1986-08-07
能見　篤史,1979-05-28
横山　雄哉,1994-02-21
安藤　優也,1977-12-27
岩貞　祐太,1991-09-05
藤浪　晋太郎,1994-04-12
筒井　和也,1981-10-05
岩田　稔,1983-10-31
呉　昇桓,1982-07-15
横田　慎太郎,1995-06-09
江越　大賀,1993-03-12
歳内　宏明,1993-07-19
秋山　拓巳,1991-04-26
福原　忍,1976-12-28
小嶋　達也,1985-10-07
石崎　剛,1990-09-09
新井　良太,1983-08-16
西田　直斗,1993-04-26
高宮　和也,1981-12-04
坂　克彦,1985-09-06
一二三　慎太,1992-09-29
森越　祐人,1988-08-11
黒瀬　春樹,1985-04-15
小宮山　慎二,1985-11-26
鶴岡　一成,1977-05-30
サンティアゴ,1984-12-16
藤原　正典,1988-01-14
守屋　功輝,1993-11-25
梅野　隆太郎,1991-06-17
清水　誉,1984-04-23
鶴　直人,1987-04-25
山本　翔也,1988-10-12
金田　和之,1990-09-18
今成　亮太,1987-10-06
藤井　彰人,1976-06-18
伊藤　隼太,1989-05-08
小豆畑　眞也,1988-07-22
メッセンジャー,1981-08-13
陽川　尚将,1991-07-17
松田　遼馬,1994-02-08
岡崎　太一,1983-06-20
荒木　郁也,1988-04-25
岩本　輝,1992-10-21
中谷　将大,1993-01-05
田上　健一,1987-12-12
植田　海,1996-04-19
加藤　康介,1978-07-02
桑原　謙太朗,1985-10-29
緒方　凌介,1990-08-25
二神　一人,1987-06-03
岩崎　優,1991-06-19
俊介,1987-08-17
島本　浩也,1993-02-14
伊藤　和雄,1989-12-13
ペレス,1987-11-16
玉置　隆,1986-09-11
狩野　恵輔,1982-12-17
田面　巧二郎,1990-12-09
トラヴィス,1993-10-09
原口　文仁,1992-03-03
東野　峻,1986-07-11
山崎　憲晴,1986-12-13
ロペス,1983-11-24
梶谷　隆幸,1988-08-28
荒波　翔,1986-01-25
倉本　寿彦,1991-01-07
石川　雄洋,1986-07-10
多村　仁志,1977-03-28
黒羽根　利規,1987-06-02
Ｙ．グリエル,1984-06-09
山口　俊,1987-07-11
小林　寛,1989-01-21
柿田　裕太,1992-08-27
石田　健大,1993-03-01
井納　翔一,1986-05-01
加賀　繁,1985-04-13
三嶋　一輝,1990-05-07
三浦　大輔,1973-12-25
山崎　康晃,1992-10-02
須田　幸太,1986-07-31
岡島　秀樹,1975-12-25
高崎　健太郎,1985-06-24
内村　賢介,1986-03-17
林　昌範,1983-09-19
筒香　嘉智,1991-11-26
井手　正太郎,1983-10-10
久保　康友,1980-08-06
福地　元春,1990-06-21
白崎　浩之,1990-08-20
飯塚　悟史,1996-10-11
赤堀　大智,1987-04-13
高城　俊人,1993-05-03
乙坂　智,1994-01-06
平田　真吾,1989-08-29
三上　朋也,1989-04-10
柳田　殖生,1982-03-31
桑原　将志,1993-07-21
山下　幸輝,1993-01-31
嶺井　博希,1991-06-04
飛雄馬,1991-03-17
大原　慎司,1985-06-30
ビロウ,1985-11-15
安部　建輝,1986-09-03
渡邊　雄貴,1993-04-09
土屋　健二,1990-10-04
田中　健二朗,1989-09-18
高橋　尚成,1975-04-02
山下　峻,1991-08-19
モスコーソ,1983-11-14
下園　辰哉,1984-11-22
宮崎　敏郎,1988-12-12
バルディリス,1983-01-05
エレラ,1981-04-28
小杉　陽太,1985-12-08
後藤　武敏　Ｇ．,1980-06-05
長田　秀一郎,1980-05-06
鶴岡　賢二郎,1987-07-07
大田　阿斗里,1989-08-12
加藤　政義,1987-04-28
松本　啓二朗,1986-06-24
萬谷　康平,1987-08-28
関根　大気,1995-06-28
百瀬　大騎,1997-03-11
国吉　佑樹,1991-09-24
西森　将司,1987-12-29
加賀美　希昇,1988-09-05
砂田　毅樹,1995-07-20
Ｌ．グリエルJr.,1993-10-19
今井　金太,1994-06-19
亀井　塔生,1997-02-19
寺内　崇幸,1983-05-27
藤村　大介,1989-07-25
篠原　慎平,1990-06-13
田原　啓吾,1994-06-12
井端　弘和,1975-05-12
川相　拓也,1990-11-25
田中　貴也,1992-08-27
セペダ,1980-04-08
芳川　庸,1993-08-18
坂本　勇人,1988-12-14
高橋　洸,1993-04-30
長野　久義,1984-12-06
片岡　治大,1983-02-17
青山　誠,1991-11-01
長江　翔太,1991-10-08
亀井　善行,1982-07-28
高橋　慎之介,1994-07-25
阿部　慎之助,1979-03-20
北之園　隆生,1995-04-12
久保　裕也,1980-05-23
成瀬　功亮,1992-08-19
鈴木　尚広,1978-04-27
田中　太一,1993-02-27
香月　良太,1982-07-27
澤村　拓一,1988-04-03
大竹　寛,1983-05-21
杉内　俊哉,1980-10-30
菅野　智之,1989-10-11
マシソン,1984-02-27
フランシスコ,1987-06-24
小林　誠司,1989-06-07
相川　亮二,1976-07-11
高橋　由伸,1975-04-03
村田　修一,1980-12-28
内海　哲也,1982-04-29
實松　一成,1981-01-18
高木　京介,1989-09-05
福田　聡志,1983-09-12
宮國　椋丞,1992-04-17
松本　哲也,1984-07-03
橋本　到,1990-04-28
金城　龍彦,1976-07-27
西村　健太朗,1985-05-10
中井　大介,1989-11-27
田原　誠次,1989-09-02
岡本　和真,1996-06-30
マイコラス,1988-08-23
加藤　健,1981-03-23
松本　竜也,1993-04-29
アンダーソン,1982-03-30
青木　高広,1981-11-26
大田　泰示,1990-06-09
今村　信貴,1994-03-15
野間口　貴彦,1983-05-31
山口　鉄也,1983-11-11
矢貫　俊之,1983-12-15
ポレダ,1986-10-01
戸根　千明,1992-10-17
横川　史学,1984-12-03
隠善　智也,1984-06-05
河野　元貴,1991-06-14
高木　勇人,1989-07-13
坂口　真規,1990-09-29
公文　克彦,1992-03-04
立岡　宗一郎,1990-05-18
小山　雄輝,1988-12-05
大累　進,1990-08-31
和田　恋,1995-09-26
江柄子　裕樹,1986-11-14
笠原　将生,1991-01-09
鬼屋敷　正人,1991-06-19
辻　東倫,1994-08-11
北　篤,1988-11-26
土田　瑞起,1990-01-01
吉川　大幾,1992-08-21
田中　大輝,1992-08-07
田口　麗斗,1995-09-14
堂上　剛裕,1985-05-27
平良　拳太郎,1995-07-12
カステヤーノス,1986-08-04
メンドーサ,1994-03-05
阿南　徹,1984-07-28
ルナ,1980-02-01
エルナンデス,1982-10-30
友永　翔太,1991-04-01
荒木　雅博,1977-09-13
高橋　周平,1994-01-18
藤井　淳志,1981-05-20
和田　一浩,1972-06-19
平田　良介,1988-03-23
森野　将彦,1978-07-28
大島　洋平,1985-11-09
石川　駿,1990-05-26
川上　憲伸,1975-06-22
田島　慎二,1989-12-21
岩瀬　仁紀,1974-11-10
朝倉　健太,1981-06-11
又吉　克樹,1990-11-04
雄太,1980-06-17
鈴木　翔太,1995-06-16
吉見　一起,1984-09-19
野村　亮介,1993-07-09
岡田　俊哉,1991-12-05
大野　雄大,1988-09-26
遠藤　一星,1989-03-23
福谷　浩司,1991-01-09
武藤　祐太,1989-06-14
井領　雅貴,1989-11-04
谷繁　元信,1970-12-21
岩田　慎司,1987-01-27
山井　大介,1978-05-10
阿知羅　拓馬,1992-11-20
野本　圭,1984-07-07
西川　健太郎,1993-04-18
祖父江　大輔,1987-08-11
山本昌,1965-08-11
小笠原　道大,1973-10-25
三ツ俣　大樹,1992-05-11
松井　雅人,1987-11-19
加藤　匠馬,1992-04-29
桂　依央利,1991-07-09
浅尾　拓也,1984-10-22
リーバス,1985-12-20
濱田　達郎,1994-08-04
バルデス,1977-11-27
杉山　翔大,1991-02-10
藤澤　拓斗,1990-05-27
浜田　智博,1992-10-01
溝脇　隼人,1994-05-17
金子　丈,1993-02-25
山本　雅士,1994-11-03
武山　真吾,1984-06-22
亀澤　恭平,1988-10-15
ネイラー,1986-05-31
福田　永将,1988-07-23
松井　佑介,1987-07-10
小川　龍也,1991-09-03
八木　智哉,1983-11-07
山内　壮馬,1985-07-01
ナニータ,1981-06-12
若松　駿太,1995-02-28
工藤　隆人,1981-03-30
堂上　直倫,1988-09-23
小熊　凌祐,1990-08-11
伊藤　準規,1991-01-07
古本　武尊,1990-12-04
高橋　聡文,1983-05-29
赤田　龍一郎,1988-01-07
赤坂　和幸,1989-09-04
谷　哲也,1985-07-09
川崎　貴弘,1993-08-02
岸本　淳希,1996-02-19
橋爪　大佑,1992-03-30
メジャ,1990-05-05
藤吉　優,1996-08-07
石垣　幸大,1996-08-08
近藤　弘基,1993-02-12
中東　直己,1981-10-05
上本　崇司,1990-08-22
東出　輝裕,1980-08-21
小窪　哲也,1985-04-12
栗原　健太,1982-01-08
梵　英心,1980-10-11
堂林　翔太,1991-08-17
丸　佳浩,1989-04-11
岩本　貴裕,1986-04-18
福井　優也,1988-02-08
九里　亜蓮,1991-09-01
グスマン,1984-06-14
大瀬良　大地,1991-06-17
黒田　博樹,1975-02-10
今村　猛,1991-04-17
前田　健太,1988-04-11
野村　祐輔,1989-06-24
永川　勝浩,1980-12-14
篠田　純平,1985-04-20
中村　恭平,1989-03-22
薮田　和樹,1992-08-07
河内　貴哉,1982-01-06
高橋　大樹,1994-05-11
廣瀬　純,1979-03-29
會澤　翼,1988-04-13
新井　貴浩,1977-01-30
江草　仁貴,1980-09-03
一岡　竜司,1991-01-11
石原　慶幸,1979-09-07
白濱　裕太,1985-10-31
菊池　涼介,1990-03-11
中田　廉,1990-07-21
下水流　昂,1988-04-23
塹江　敦哉,1997-02-21
野間　峻祥,1993-01-28
赤松　真人,1982-09-06
飯田　哲矢,1991-03-28
倉　義和,1975-07-27
藤井　皓哉,1996-07-29
ジョンソン,1984-10-14
土生　翔平,1989-08-16
松山　竜平,1985-09-18
桑原　樹,1996-07-04
岩見　優輝,1987-01-25
小野　淳平,1987-04-05
西原　圭大,1988-09-29
天谷　宗一郎,1983-11-08
鈴木　将光,1987-04-08
鈴木　誠也,1994-08-18
庄司　隼人,1991-06-21
戸田　隆矢,1993-06-10
武内　久士,1987-11-29
エルドレッド,1980-07-12
中崎　翔太,1992-08-10
シアーホルツ,1984-02-15
ザガースキー,1983-01-27
美間　優槻,1994-05-26
安部　友裕,1989-06-24
磯村　嘉孝,1992-11-01
今井　啓介,1987-05-24
田中　広輔,1989-07-03
多田　大輔,1996-05-25
木村　昇吾,1980-04-16
中村　祐太,1995-08-31
池ノ内　亮介,1988-11-22
ロサリオ,1989-03-29
ヒース,1985-08-28
佐藤　祥万,1989-08-18
中村　憲,1989-09-27
久本　祐一,1979-03-14
松浦　耕大,1993-04-06
木村　聡司,1996-05-06
辻　空,1994-04-24
中村　亘佑,1991-04-02
森下　宗,1991-02-23
デ　ヘスス,1987-11-02
比屋根　渉,1987-06-20
大引　啓次,1984-06-29
西浦　直亨,1991-04-11
バレンティン,1984-07-02
川端　慎吾,1987-10-16
田中　浩康,1982-05-24
武内　晋一,1983-12-10
飯原　誉士,1983-04-26
森岡　良介,1984-07-15
由規,1989-12-05
石山　泰稚,1988-09-01
秋吉　亮,1989-03-21
村中　恭兵,1987-10-25
木谷　良平,1989-04-07
成瀬　善久,1985-10-13
杉浦　稔大,1992-02-25
石川　雅規,1980-01-22
山本　哲哉,1985-09-04
松岡　健一,1982-06-07
竹下　真吾,1990-10-20
山田　哲人,1992-07-16
荒木　貴裕,1987-07-26
館山　昌平,1981-03-17
久古　健太郎,1986-05-16
田中　雅彦,1982-01-09
小川　泰弘,1990-05-16
西田　明央,1992-04-28
松元　ユウイチ,1980-12-18
風張　蓮,1993-02-26
畠山　和洋,1982-09-13
バーネット,1983-11-09
田川　賢吾,1994-05-22
川上　竜平,1993-05-08
星野　雄大,1988-10-19
寺田　哲也,1987-04-02
中元　勇作,1988-12-12
古野　正人,1986-09-27
雄平,1984-06-25
七條　祐樹,1984-07-10
江村　将也,1987-07-05
岩橋　慶侍,1991-04-23
土肥　寛昌,1990-11-16
谷内　亮太,1991-02-03
赤川　克紀,1990-07-31
大場　達也,1989-03-10
上田　剛史,1988-10-02
藤井　亮太,1988-09-30
中村　悠平,1990-06-17
ロマン,1978-11-28
中澤　雅人,1985-02-16
山川　晃司,1996-11-15
奥村　展征,1995-05-26
松井　淳,1987-11-27
オンドルセク,1985-02-13
今浪　隆博,1984-07-06
三輪　正義,1984-01-23
児山　祐斗,1995-09-01
徳山　武陽,1989-07-21
井野　卓,1983-11-23
川崎　成晃,1986-03-30
原　泉,1992-07-26
新垣　渚,1980-05-09
平井　諒,1991-04-23
山中　浩史,1985-09-09
八木　亮祐,1990-09-29
デニング,1988-08-17
ミレッジ,1985-04-05
金伏　ウーゴ,1989-05-22
阿部　健太,1984-09-08
中島　彰吾,1992-06-15
中根　佑二,1989-09-07
高田　知季,1990-05-06
内川　聖一,1982-08-04
今宮　健太,1991-07-15
松中　信彦,1973-12-26
金子　圭輔,1985-07-23
松田　宣浩,1983-05-17
吉村　裕基,1984-06-14
中村　晃,1989-11-05
鶴岡　慎也,1981-04-11
柳田　悠岐,1988-10-09
李　大浩,1982-06-21
中田　賢一,1982-05-11
高谷　裕亮,1981-11-13
二保　旭,1990-05-18
加治屋　蓮,1991-11-25
東浜　巨,1990-06-20
ウルフ,1980-11-29
松坂　大輔,1980-09-13
森福　允彦,1986-07-29
寺原　隼人,1983-10-09
岩嵜　翔,1989-10-21
斐紹,1992-11-16
城所　龍磨,1985-09-24
長谷川　勇也,1984-12-22
巽　真悟,1987-01-10
川原　弘之,1991-08-23
細川　亨,1980-01-04
大隣　憲司,1984-11-19
大場　翔太,1985-06-27
武田　翔太,1993-04-03
栗原　陵矢,1996-07-04
塚田　正義,1989-07-23
山田　大樹,1988-07-30
川島　慶三,1983-10-05
明石　健志,1986-01-09
福田　秀平,1989-02-10
森　唯斗,1992-01-08
島袋　洋奨,1992-10-24
日高　亮,1990-07-19
千賀　滉大,1993-01-30
飯田　優也,1990-11-27
江川　智晃,1986-10-31
バンデンハーク,1985-05-22
李　杜軒,1988-04-21
本多　雄一,1984-11-19
帆足　和幸,1979-07-15
岡本　健,1992-10-29
伊藤　祐介,1990-10-20
攝津　正,1982-06-01
上林　誠知,1995-08-01
五十嵐　亮太,1979-05-28
柳瀬　明宏,1983-07-08
スタンリッジ,1978-11-09
星野　大地,1993-03-13
嘉弥真　新也,1989-11-23
サファテ,1981-04-09
古澤　勝吾,1996-09-05
釜元　豪,1993-09-03
金　無英,1985-11-22
拓也,1992-11-05
笠原　大芽,1995-01-20
真砂　勇介,1994-05-04
バリオス,1988-10-11
松本　裕樹,1996-04-14
笠谷　俊介,1997-03-17
猪本　健太郎,1990-12-23
牧原　大成,1992-10-15
カニザレス,1979-11-21
坂田　将人,1993-03-12
吉本　祥二,1993-06-26
白根　尚貴,1993-04-28
幸山　一大,1996-06-18
細山田　武史,1986-04-29
齋藤　誠哉,1996-05-13
伊藤　大智郎,1992-12-29
山下　亜文,1996-04-05
大滝　勇佑,1994-04-05
勧野　甲輝,1992-07-12
堀内　汰門,1996-09-16
宮崎　駿,1990-11-27
柿木　映二,1997-01-06
金子　将太,1996-08-12
河野　大樹,1991-03-29
中村　恵吾,1989-03-23
北方　悠誠,1994-01-25
石川　柊太,1991-12-27
東方　伸友,1995-09-17
曽根　海成,1995-04-24
張本　優大,1990-10-13
陽　岱鋼,1987-01-17
大野　奨太,1987-01-13
田中　賢介,1981-05-20
飯山　裕志,1979-07-13
レアード,1987-09-11
中田　翔,1989-04-22
ハーミッダ,1984-01-30
西川　遥輝,1992-04-16
中島　卓也,1991-01-11
清水　優心,1996-05-22
大谷　翔平,1994-07-05
松本　剛,1993-08-11
石井　裕也,1981-07-04
大塚　豊,1987-12-20
有原　航平,1992-08-11
浦野　博司,1989-07-22
斎藤　佑樹,1988-06-06
増井　浩俊,1984-06-26
クロッタ,1984-09-25
武田　久,1978-10-14
藤岡　好明,1985-03-12
渡邉　諒,1995-04-30
森本　龍弥,1994-06-12
宮西　尚生,1985-06-02
淺間　大基,1996-06-21
中嶋　聡,1969-03-27
新垣　勇人,1985-10-21
木佐貫　洋,1980-05-17
鍵谷　陽平,1990-09-23
岡　大海,1991-07-15
乾　真大,1988-12-08
須永　英輝,1985-10-28
吉川　光夫,1988-04-06
榎下　陽大,1988-07-21
中村　勝,1991-12-11
矢野　謙次,1980-09-21
武田　勝,1978-07-10
高梨　裕稔,1991-06-05
金平　将至,1991-03-24
ガラテ,1984-09-25
白村　明弘,1991-12-11
鵜久森　淳志,1987-02-01
増渕　竜義,1988-05-03
瀬川　隼郎,1986-10-21
森内　壽春,1985-01-02
谷元　圭介,1985-01-28
石川　慎吾,1993-04-27
宇佐美　塁大,1994-10-24
石川　直也,1996-07-11
佐藤　賢治,1988-08-26
立田　将太,1996-06-04
近藤　健介,1993-08-09
ライブリー,1985-09-07
市川　友也,1985-05-09
屋宜　照悟,1989-03-29
齊藤　勝,1988-01-06
河野　秀数,1987-12-14
荒張　裕司,1989-04-24
杉谷　拳士,1991-02-04
高濱　祐仁,1996-08-08
上沢　直之,1994-02-06
谷口　雄也,1992-06-01
太田　賢吾,1997-01-19
大嶋　匠,1990-02-14
岸里　亮佑,1995-04-03
石川　亮,1995-07-20
佐藤　正尭,1996-04-16
丸毛　謙一,1988-08-02
鉄平,1982-12-27
中島　裕之,1982-07-31
原　拓也,1984-05-18
安達　了一,1988-01-07
ヘルマン,1978-01-26
平野　恵一,1979-04-07
宗　佑磨,1996-06-07
糸井　嘉男,1981-07-31
駿太,1993-03-05
坂口　智隆,1984-07-07
谷　佳知,1973-02-09
松葉　貴大,1990-08-14
佐野　皓大,1996-09-02
吉田　一将,1989-09-24
佐藤　達也,1986-07-26
平野　佳寿,1984-03-08
山崎　福也,1992-09-09
岸田　護,1981-05-10
金子　千尋,1983-11-08
馬原　孝浩,1981-12-08
西　勇輝,1990-11-10
伊藤　光,1989-04-23
伏見　寅威,1990-05-12
宮崎　祐樹,1986-11-29
竹原　直隆,1980-04-21
東明　大貴,1989-06-15
バリントン,1980-09-30
小松　聖,1981-10-29
井川　慶,1979-07-13
岩崎　恭平,1986-04-04
小谷野　栄一,1980-10-10
ディクソン,1984-11-03
縞田　拓弥,1987-01-22
中山　慎也,1982-02-22
比嘉　幹貴,1982-12-07
高木　伴,1990-06-01
若月　健矢,1995-10-04
小島　脩平,1987-06-05
西野　真弘,1990-08-02
大山　暁史,1988-10-06
ブランコ,1980-11-10
坂寄　晴一,1990-04-05
齋藤　俊雄,1983-12-23
川端　崇義,1985-02-04
海田　智行,1987-09-02
齋藤　綱記,1996-12-18
白仁田　寛和,1985-10-02
小田　裕也,1989-11-04
榊原　諒,1985-08-04
吉田　雄人,1995-04-21
堤　裕貴,1993-09-21
Ｔ−岡田,1988-02-09
武田　健吾,1994-04-18
山田　修義,1991-09-19
戸田　亮,1988-09-04
塚原　頌平,1992-07-08
前田　祐二,1986-01-10
奥浪　鏡,1995-08-29
山崎　勝己,1982-08-16
中村　一生,1982-04-02
森本　将太,1992-05-25
近藤　一樹,1983-07-08
山本　和作,1986-09-21
古川　秀一,1987-07-15
鈴木　優,1997-02-05
柴田　健斗,1989-02-08
マエストリ,1985-06-01
田中　大輔,1984-12-18
チャベス,1989-01-26
カラバイヨ,1983-10-21
原　大輝,1988-06-02
佐藤　峻一,1991-01-08
園部　聡,1995-11-10
森山　周,1981-08-11
阿部　俊人,1988-12-23
松井　裕樹,1995-10-30
三好　匠,1993-06-07
サンチェス,1983-09-02
後藤　光尊,1978-07-27
牧田　明久,1982-06-03
島井　寛仁,1990-06-19
藤田　一也,1982-07-03
松井　稼頭央,1975-10-23
内田　靖人,1995-05-30
塩見　貴洋,1988-09-06
レイ,1974-11-27
濱矢　廣大,1993-02-27
則本　昂大,1990-12-17
小野　郁,1996-10-23
森　雄大,1994-08-19
長谷部　康平,1985-05-21
安樂　智大,1996-11-04
釜田　佳直,1993-10-26
戸村　健次,1987-10-20
聖澤　諒,1985-11-03
福田　将儀,1992-04-17
高堀　和也,1987-06-11
金刃　憲人,1984-04-10
岡島　豪郎,1989-09-07
小関　翔太,1991-09-06
永井　怜,1984-09-27
美馬　学,1986-09-19
枡田　慎太郎,1987-07-08
銀次,1988-02-24
武藤　好貴,1987-07-22
島内　宏明,1990-02-02
榎本　葵,1992-07-24
嶋　基宏,1984-12-13
西宮　悠介,1991-05-01
下妻　貴寛,1994-04-15
ウィーラー,1987-01-16
青山　浩二,1983-08-12
ペーニャ,1982-01-23
ミコライオ,1984-05-10
斎藤　隆,1970-02-14
川井　貴志,1976-09-16
伊東　亮大,1989-07-27
大塚　尚仁,1994-10-13
伊志嶺　忠,1985-06-22
クルーズ,1986-11-01
入野　貴大,1988-11-26
フェルナンド,1992-04-13
柿澤　貴裕,1994-07-30
加藤　正志,1989-09-07
相原　和友,1989-10-27
横山　貴明,1991-04-10
西田　哲朗,1991-09-04
中川　大志,1990-06-08
小山　伸一郎,1978-06-13
辛島　航,1990-10-18
菊池　保則,1989-09-18
古川　侑利,1995-09-08
上園　啓史,1984-06-30
相沢　晋,1987-06-03
北川　倫太郎,1993-06-21
福山　博之,1989-03-27
小山　桂司,1980-11-19
西村　弥,1983-09-08
岩崎　達郎,1984-12-28
山崎　浩司,1980-10-31
ムリーロ,1982-05-05
片山　博視,1987-04-19
ハウザー,1984-03-30
藤江　均,1986-01-27
今野　龍太,1995-05-11
宮川　将,1990-10-19
八百板　卓丸,1997-01-17
大坂谷　啓生,1992-11-09
セゴビア,1990-04-27
横山　徹也,1984-06-26
梅津　智弘,1983-03-03
小斉　祐輔,1983-04-30
森本　稀哲,1981-01-31
水口　大地,1989-06-28
栗山　巧,1983-09-03
金子　侑司,1990-04-24
鬼崎　裕司,1983-04-07
セラテリ,1983-02-27
脇谷　亮太,1981-11-04
渡辺　直人,1980-10-15
大崎　雄太朗,1984-10-18
森　友哉,1995-08-08
岸　孝之,1984-12-04
郭　俊麟,1992-02-02
西口　文也,1972-09-26
増田　達至,1988-04-23
大石　達也,1988-10-10
菊池　雄星,1991-06-17
高橋　光成,1997-02-03
豊田　拓矢,1987-03-28
野上　亮磨,1987-06-15
十亀　剣,1987-11-07
岡本　篤志,1981-05-20
平野　将光,1983-06-28
星　孝典,1982-05-04
バスケス,1983-11-07
炭谷　銀仁朗,1987-07-19
藤原　良平,1986-02-15
小石　博孝,1987-04-13
岡本　洋介,1985-09-27
岩尾　利弘,1987-07-20
浅村　栄斗,1990-11-12
山川　穂高,1991-11-23
佐野　泰雄,1993-01-18
牧田　和久,1984-11-10
米野　智人,1982-01-21
岡田　雅利,1989-06-30
玉村　祐典,1995-11-04
中郷　大樹,1984-09-21
山口　嵩之,1989-07-29
ミゲル・メヒア,1988-01-19
高橋　朋己,1988-11-16
外崎　修汰,1992-12-20
中崎　雄太,1991-03-11
ルブラン,1984-08-07
武隈　祥太,1989-11-24
上本　達之,1980-11-08
福倉　健太郎,1991-08-03
木村　文紀,1988-09-13
山田　遥楓,1996-09-30
石川　貢,1991-06-16
秋山　翔吾,1988-04-16
金子　一輝,1995-05-29
松下　建太,1987-08-17
熊代　聖人,1989-04-18
永江　恭平,1993-05-07
中村　剛也,1983-08-15
田代　将太郎,1989-12-13
駒月　仁人,1993-04-21
佐藤　勇,1994-09-18
中田　祥多,1990-02-22
斉藤　彰吾,1989-05-14
田中　靖洋,1987-06-21
梅田　尚通,1989-06-28
宮田　和希,1988-11-16
誠,1994-07-23
藤澤　亨明,1989-11-11
坂田　遼,1986-10-02
メヒア,1985-12-02
林崎　遼,1988-06-12
前川　恭兵,1992-06-09
戸川　大輔,1996-04-29
高濱　卓也,1989-07-06
清田　育宏,1986-02-11
根元　俊一,1983-07-08
サブロー,1976-06-01
荻野　貴司,1985-10-21
伊志嶺　翔大,1988-05-12
井口　資仁,1974-12-04
鈴木　大地,1989-08-18
今江　敏晃,1983-08-26
福浦　和也,1975-12-14
大松　尚逸,1982-06-16
大嶺　祐太,1988-06-16
石川　歩,1988-04-11
中後　悠平,1989-09-17
大谷　智久,1985-02-14
上野　大樹,1986-10-13
涌井　秀章,1986-06-21
藤岡　貴裕,1989-07-17
唐川　侑己,1989-07-05
服部　泰卓,1982-09-10
内　竜也,1985-07-13
中村　奨吾,1992-05-28
吉田　裕太,1991-07-21
金澤　岳,1984-05-05
古谷　拓哉,1981-07-14
松永　昂大,1988-04-16
西野　勇士,1991-03-06
伊藤　義弘,1982-06-02
田中　英祐,1992-04-02
南　昌輝,1989-01-18
木村　優太,1985-05-21
寺嶋　寛大,1992-10-12
川満　寛弥,1991-03-04
三木　亮,1991-10-25
イ・デウン,1989-03-23
川本　良平,1982-04-28
吉原　正平,1989-09-14
小林　敦,1986-02-24
香月　良仁,1984-01-22
黒沢　翔太,1988-08-05
井上　晴哉,1989-07-03
田村　龍弘,1994-05-13
岩下　大輝,1996-10-02
宮崎　敦次,1992-12-08
チェン・グァンユウ,1990-10-29
大嶺　翔太,1991-09-17
植松　優友,1989-11-27
益田　直也,1989-10-25
江村　直也,1992-05-06
デスパイネ,1986-06-17
ベク・チャスン,1980-05-29
ハフマン,1985-04-29
香月　一也,1996-04-16
矢地　健人,1988-01-15
細谷　圭,1988-01-17
阿部　和成,1989-05-19
角中　勝也,1987-05-25
脇本　直人,1996-06-10
青松　慶侑,1986-12-07
二木　康太,1995-08-01
加藤　翔平,1991-03-28
岡田　幸文,1984-07-06
金森　敬之,1985-07-24
早坂　圭介,1984-06-19
肘井　竜蔵,1995-11-13
カルロス・ロサ,1984-09-21
髙山　俊,1993-04-18
坂本　誠志郎,1993-11-10
藤川　球児,1980-07-21
ヘイグ,1985-08-20
マテオ,1984-04-18
髙橋　聡文,1983-05-29
竹安　大知,1994-09-27
青柳　晃洋,1993-12-11
岡﨑　太一,1983-06-20
望月　惇志,1997-08-02
板山　祐太郎,1994-03-27
サターホワイト,1987-01-27
ドリス,1988-01-10
熊原　健人,1993-10-19
戸柱　恭孝,1990-04-11
山﨑　康晃,1992-10-02
今永　昇太,1993-09-01
柴田　竜拓,1993-12-16
髙城　俊人,1993-05-03
エリアン,1985-02-01
綾部　翔,1997-04-25
宮﨑　敏郎,1988-12-12
ロマック,1985-09-30
後藤Ｇ武敏,1980-06-05
青柳　昴樹,1997-05-19
野川　拓斗,1991-09-06
ペトリック,1989-07-29
ブロードウェイ,1987-03-30
網谷　圭将,1997-10-03
山本　武白志,1998-02-17
田村　丈,1992-11-20
ギャレット,1981-06-21
髙橋　洸,1993-04-30
髙橋　慎之介,1994-07-25
増田　大輝,1993-07-29
小林　大誠,1994-01-15
田島　洸成,1996-07-13
大竹　秀義,1988-07-26
橋本　篤郎,1998-02-24
矢島　陽平,1990-06-16
桜井　俊貴,1993-10-21
ソリマン,1989-08-11
アダメス,1994-09-27
ガブリエル,1989-05-11
アブレイユ,1989-10-24
重信　慎之介,1993-04-17
與那原　大剛,1998-03-09
宇佐見　真吾,1993-06-04
山本　泰寛,1993-10-10
松崎　啄也,1992-01-20
ガルシア,1993-03-02
中川　皓太,1994-02-24
巽　大介,1997-04-26
ウーゴ,1989-05-22
長谷川　潤,1991-06-15
阿部　寿樹,1989-12-03
小笠原　慎之介,1997-10-08
佐藤　優,1993-06-29
福　敬登,1992-06-16
木下　拓哉,1991-12-18
石岡　諒太,1992-05-25
ハイメ,1987-08-02
ビシエド,1989-03-10
セプティモ,1985-07-07
ジョーダン,1986-12-08
中川　誠也,1993-12-03
吉田　嵩,1996-07-08
三ツ間　卓也,1992-07-22
西濵　幹紘,1993-08-04
呉屋　開斗,1997-09-30
渡辺　勝,1993-10-14
プライディ,1983-10-09
岡田　明丈,1993-10-18
中﨑　翔太,1992-08-10
横山　弘樹,1992-03-12
桒原　樹,1996-07-04
高橋　樹也,1997-06-21
髙橋　大樹,1994-05-11
船越　涼太,1993-11-26
オスカル,1991-03-28
ジャクソン,1987-10-27
西川　龍馬,1994-12-10
ヘーゲンズ,1989-05-12
青木　陸,1997-11-11
デラバー,1983-07-17
バティスタ,1992-01-18
ジェフン,1990-10-29
原　樹理,1993-07-19
山崎　晃大朗,1993-08-11
デイビーズ,1983-09-09
廣岡　大志,1997-04-09
高橋　奎二,1997-05-14
ジュリアス,1997-05-25
渡邉　大樹,1997-06-07
ルーキ,1984-12-05
髙田　知季,1990-05-06
川瀬　晃,1997-09-15
髙谷　裕亮,1981-11-13
和田　毅,1981-02-21
小澤　怜史,1998-03-09
谷川原　健太,1997-04-16
髙橋　純平,1997-05-08
茶谷　健太,1998-01-16
黒瀬　健太,1997-08-12
スアレス,1991-03-01
野澤　佑斗,1997-11-06
児玉　龍也,1993-10-09
樋越　優一,1993-09-28
中村　晨,1997-08-08
渡辺　健史,1997-09-09
加藤　貴之,1992-06-03
上原　健太,1994-03-29
井口　和朋,1994-01-07
平沼　翔太,1997-08-16
田中　豊樹,1993-12-01
バース,1987-11-01
マーティン,1986-06-02
横尾　俊建,1993-05-27
吉田　侑樹,1994-02-16
姫野　優也,1997-04-02
髙濱　祐仁,1996-08-08
中島　宏之,1982-07-31
モレル,1987-04-21
大城　滉二,1993-06-14
山﨑　福也,1992-09-09
近藤　大亮,1991-05-29
宮﨑　祐樹,1986-11-29
ミッシュ,1981-08-18
青山　大紀,1994-11-28
ボグセビック,1984-02-18
岩﨑　恭平,1986-04-04
吉田　正尚,1993-07-15
髙木　伴,1990-06-01
鈴木　昂平,1991-06-20
クラーク,1986-12-10
コーディエ,1986-02-25
Ｔ－岡田,1988-02-09
角屋　龍太,1990-10-18
赤間　謙,1990-11-14
吉田　凌,1997-06-20
佐藤　世那,1997-06-02
杉本　裕太郎,1991-04-05
塚田　貴之,1993-09-26
赤松　幸輔,1992-06-05
吉持　亮汰,1993-11-04
ゴームズ,1980-11-22
茂木　栄五郎,1994-02-14
オコエ　瑠偉,1997-07-21
ブリガム,1988-02-10
石橋　良太,1991-06-06
アマダー,1987-01-19
足立　祐一,1989-09-22
リズ,1983-10-06
哲朗,1991-09-04
堀内　謙伍,1997-04-15
村林　一輝,1997-10-06
岩﨑　達郎,1984-12-28
ペゲーロ,1987-02-22
出口　匠,1998-03-03
ソン・チャーホウ,1992-09-06
ポーリーノ,1983-10-05
鬼﨑　裕司,1983-04-07
大﨑　雄太朗,1984-10-18
髙橋　光成,1997-02-03
多和田　真三郎,1993-04-13
野田　昇吾,1993-06-27
川越　誠司,1993-06-30
炭谷　銀仁朗,1987-07-19
南川　忠亮,1992-01-13
呉　念庭,1993-06-07
髙橋　朋己,1988-11-16
本田　圭佑,1993-04-24
中﨑　雄太,1991-03-11
バンヘッケン,1979-07-31
愛斗,1997-04-06
Ｃ．Ｃ．リー,1986-10-21
國場　翼,1993-12-05
松本　直晃,1990-11-14
藤田　航生,1997-12-11
髙濱　卓也,1989-07-06
平沢　大河,1997-12-24
関谷　亮太,1991-05-10
ナバーロ,1987-10-31
東條　大樹,1991-08-15
成田　翔,1998-02-03
宮﨑　敦次,1992-12-08
信樂　晃史,1991-12-26
原　嵩,1997-12-06
高野　圭佑,1991-12-28
大木　貴将,1991-11-22
柿沼　友哉,1993-05-12
大山　悠輔,1994-12-19
メンデス,1990-07-25
小野　泰己,1994-05-30
キャンベル,1987-04-09
糸原　健斗,1992-11-11
才木　浩人,1998-11-07
浜地　真澄,1998-05-25
長坂　拳弥,1994-04-28
福永　春吾,1994-05-14
藤谷　洸介,1996-02-12
ロジャース,1988-03-13
水野　滉也,1994-06-01
松尾　大河,1998-04-05
濵口　遥大,1995-03-16
尾仲　祐哉,1995-01-31
狩野　行寿,1994-07-31
進藤　拓也,1992-07-16
佐野　恵太,1994-11-28
京山　将弥,1998-07-04
クライン,1989-04-30
細川　成也,1998-08-04
パットン,1988-02-20
Ｇ．後藤　武敏,1980-06-05
ウィーランド,1990-01-21
エスコバー,1992-04-22
シリアコ,1987-06-16
笠井　崇正,1994-08-07
吉川　尚輝,1995-02-08
加藤　脩平,1999-03-28
山川　和大,1995-01-04
坂本　工宜,1994-08-19
松原　聖弥,1995-01-26
高山　竜太朗,1995-02-21
髙井　俊,1995-08-22
堀岡　隼人,1998-09-11
松澤　裕介,1992-07-01
メルセデス,1994-03-08
マルティネス,1993-03-29
畠　世周,1994-05-31
マギー,1982-10-12
谷岡　竜平,1996-03-21
カミネロ,1987-06-16
池田　駿,1992-11-29
髙田　萌生,1998-07-04
大江　竜聖,1999-01-15
廖任磊,1993-08-30
柳　裕也,1994-04-22
丸山　泰資,1995-02-05
石垣　雅海,1998-09-21
ゲレーロ,1986-11-20
笠原　祥太郎,1995-03-17
アラウホ,1991-07-15
京田　陽太,1994-04-20
藤嶋　健人,1998-05-08
ロンドン,1988-02-16
木下　雄介,1993-10-10
ウルヘエス,1993-01-09
加藤　拓也,1994-12-31
床田　寛樹,1995-03-01
高橋　昂也,1998-09-27
アドゥワ　誠,1998-10-02
坂倉　将吾,1998-05-29
長井　良太,1999-01-15
ブレイシア,1987-08-26
中尾　輝,1994-09-14
寺島　成輝,1998-07-30
星　知弥,1994-04-15
ブキャナン,1989-05-11
オーレンドルフ,1982-08-08
菊沢　竜佑,1988-05-16
梅野　雄吾,1999-01-13
リベロ,1988-05-20
グリーン,1989-06-30
古賀　優大,1998-08-07
ギルメット,1987-07-27
新田　玄気,1982-08-22
大村　孟,1991-12-21
田中　正義,1994-07-19
ジェンセン,1988-05-20
モイネロ,1995-12-08
古谷　優人,1999-02-19
川﨑　宗則,1981-06-03
甲斐　拓也,1992-11-05
九鬼　隆平,1998-09-05
三森　大貴,1999-02-21
大本　将吾,1998-04-22
長谷川　宙輝,1998-08-23
田城　飛翔,1999-03-19
森山　孔介,1998-04-13
清水　陸哉,1999-01-22
松本　龍憲,1999-02-27
コラス,1998-09-17
村田　透,1985-05-20
堀　瑞輝,1998-05-10
石井　一成,1994-05-06
高良　一輝,1994-06-25
森山　恵佑,1994-05-02
高山　優希,1998-05-17
ドレイク,1990-04-12
玉井　大翔,1992-06-16
郡　拓也,1998-04-25
今井　順之助,1998-05-25
ロメロ,1988-10-17
マレーロ,1988-07-02
山岡　泰輔,1995-09-22
コーク,1982-07-19
ウエスト,1988-11-21
小林　慶祐,1992-11-02
ヘルメン,1987-09-23
山本　由伸,1998-08-17
飯田　大祐,1990-09-19
澤田　圭佑,1994-04-27
岡﨑　大輔,1998-09-17
黒木　優太,1994-08-16
根本　薫,1998-07-29
山﨑　颯一郎,1998-06-15
ジョージ,1993-03-14
張　奕,1994-02-26
榊原　翼,1998-08-25
神戸　文也,1994-05-09
坂本　一将,1990-11-16
中道　勝士,1994-04-30
今江　年晶,1983-08-26
藤平　尚真,1998-09-21
田中　和基,1994-08-08
池田　隆英,1994-10-01
ハーマン,1984-05-30
菅原　秀,1994-04-05
森原　康平,1991-12-26
高梨　雄平,1992-07-13
西田　哲朗,1991-09-04
鶴田　圭祐,1994-05-12
西口　直人,1996-11-14
野元　浩輝,1998-05-16
石原　彪,1999-03-08
コラレス,1990-05-25
千葉　耕太,1998-04-22
南　要輔,1994-08-07
向谷　拓巳,1997-02-24
木村　敏靖,1995-09-14
宋　家豪,1992-09-06
源田　壮亮,1993-02-16
今井　達也,1998-05-09
中塚　駿太,1994-12-26
平井　克典,1991-12-20
田村　伊知郎,1994-09-19
鈴木　将平,1998-05-20
シュリッター,1985-12-21
ガルセス,1990-01-17
キャンデラリオ,1982-05-28
ファイフ,1986-10-04
ダフィー,1989-02-06
サントス,1987-09-15
佐々木　千隼,1994-06-08
酒居　知史,1993-01-02
土肥　星也,1995-07-07
有吉　優樹,1991-03-12
島　孝明,1998-06-26
パラデス,1988-11-25
宗接　唯人,1994-07-06
三家　和真,1993-08-13
種市　篤暉,1998-09-07
安江　嘉純,1992-05-26
菅原　祥太,1993-09-19
熊谷　敬宥,1995-11-10
馬場　皐輔,1995-05-18
呂　彦青,1996-03-10
髙橋　遥人,1995-11-07
谷川　昌希,1992-10-06
モレノ,1987-07-21
島田　海吏,1996-02-06
牧　丈一郎,1999-09-23
石井　将希,1995-07-12
宮本　秀明,1996-07-24
神里　和毅,1994-01-17
東　克樹,1995-11-29
阪口　皓亮,1999-08-15
大河,1998-04-05
齋藤　俊介,1994-01-07
楠本　泰史,1995-07-07
櫻井　周斗,1999-06-25
山本　祐大,1998-09-11
寺田　光輝,1992-01-05
Ｇ　後藤　武敏,1980-06-05
ソト,1989-02-28
武白志,1998-02-17
中川　虎大,1999-10-02
比嘉　賢伸,2000-01-12
笠井　駿,1995-04-20
広畑　塁,1995-06-17
小山　翔平,1996-03-25
折下　光輝,2000-02-14
上原　浩治,1975-04-03
山上　信吾,1999-09-21
田中　優大,1999-09-14
荒井　颯太,1999-09-27
鍬原　拓也,1996-03-26
岸田　行倫,1996-10-10
ヤングマン,1989-12-18
大城　卓三,1993-02-11
北村　拓己,1995-08-29
若林　晃弘,1993-08-26
田中　俊太,1993-08-18
村上　海斗,1995-07-07
湯浅　大,2000-01-24
髙松　渡,1999-07-02
石川　翔,1999-12-14
アルモンテ,1989-06-10
鈴木　博志,1997-03-22
伊藤　康祐,2000-02-03
清水　達也,1999-11-03
ロドリゲス,1991-11-14
山本　拓実,2000-01-31
ジー,1986-04-28
大藏　彰人,1994-05-15
石田　健人マルク,1995-07-18
Ａ．マルティネス,1996-05-28
Ｒ．マルティネス,1996-10-11
中村　奨成,1999-06-06
ケムナ　誠,1995-06-05
山口　翔,1999-04-28
永井　敦士,2000-01-10
ヘルウェグ,1988-10-29
遠藤　淳志,1999-04-08
平岡　敬人,1995-08-06
カンポス,1987-07-17
フランスア,1993-09-25
岡林　飛翔,1999-08-09
藤井　黎來,1999-09-17
佐々木　健,1999-04-02
タバーレス,1994-11-08
塩見　泰隆,1993-06-12
大下　佑馬,1992-07-06
蔵本　治孝,1995-05-16
青木　宣親,1982-01-05
松本　直樹,1993-10-17
カラシティー,1991-07-23
宮本　丈,1995-04-03
アルメンゴ,1986-12-08
ハフ,1984-08-22
金久保　優斗,1999-11-04
沼田　拓巳,1994-03-04
村上　宗隆,2000-02-02
ウルキデス,1982-09-12
大竹　耕太郎,1995-06-29
ミランダ,1989-01-10
吉住　晴斗,2000-03-12
グラシアル,1985-10-14
高橋　礼,1995-11-02
増田　珠,1999-05-21
椎野　新,1995-10-10
田浦　文丸,1999-09-21
尾形　崇斗,1999-05-15
周東　佑京,1996-02-10
砂川　リチャード,1999-06-18
日暮　矢麻人,1999-06-16
渡邉　雄大,1991-09-19
アルシア,1991-05-09
トンキン,1989-11-19
清宮　幸太郎,1999-05-25
西村　天裕,1993-05-06
田中　瑛斗,1999-07-13
鈴木　遼太郎,1996-02-18
宮台　康平,1995-07-01
難波　侑平,1999-05-06
北浦　竜次,2000-01-12
西浦　颯大,1999-05-21
モヤ,1991-08-09
福田　周平,1992-08-08
後藤　駿太,1993-03-05
西村　凌,1996-02-21
アルバース,1985-10-06
田嶋　大樹,1996-08-03
Ｋ－鈴木,1994-01-21
山足　達也,1993-10-26
ローチ,1989-12-14
本田　仁海,1999-07-27
廣澤　伸哉,1999-08-11
稲富　宏樹,1999-04-27
東　晃平,1999-12-14
比屋根　彰人,1999-08-25
フェリペ,1999-09-04
近藤　弘樹,1995-06-27
岩見　雅紀,1994-07-10
山下　斐紹,1992-11-16
山﨑　剛,1995-12-29
渡邊　佑樹,1995-11-08
耀飛,1996-03-05
寺岡　寛治,1992-12-03
西巻　賢二,1999-04-22
匠,1998-03-03
井手　亮太郎,1996-03-20
松本　京志郎,1999-09-21
中村　和希,1995-10-26
ワグナー,1984-01-01
齊藤　大将,1995-06-03
與座　海人,1995-09-15
伊藤　翔,1999-02-10
相内　誠,1994-07-23
カスティーヨ,1989-02-19
西川　愛也,1999-06-10
平良　海馬,1999-11-15
綱島　龍生,2000-01-21
高木　渉,1999-12-06
齊藤　誠人,1995-08-07
藤岡　裕大,1993-08-08
安田　尚憲,1999-04-15
山本　大貴,1995-11-10
菅野　剛士,1993-05-06
渡邉　啓太,1993-09-13
ドミンゲス,1989-08-28
オルモス,1990-04-12
永野　将司,1993-03-02
ボルシンガー,1988-01-29
シェッパーズ,1987-01-17
和田　康士朗,1999-01-14
森　遼大朗,1999-04-22
木浪　聖也,1994-06-15
近本　光司,1994-11-09
マルテ,1991-06-21
小幡　竜平,2000-09-21
ソラーテ,1987-07-03
川原　陸,2000-12-12
齋藤　友貴哉,1995-01-05
湯浅　京己,1999-07-17
片山　雄哉,1994-06-18
伊藤　裕季也,1996-08-30
大貫　晋一,1994-02-03
上茶谷　大河,1996-08-31
勝又　温史,2000-05-22
益子　京右,2000-12-27
知野　直人,1999-02-16
古村　徹,1993-10-20
ソリス,1988-08-10
宮城　滝太,2000-07-15
コルデロ,1997-12-18
髙橋　優貴,1997-02-01
平井　快青,2000-09-12
モタ,1996-01-03
沼田　翔平,2000-06-24
黒田　響生,2000-07-21
岩隈　久志,1981-04-12
クック,1987-06-30
ラモス,1996-04-27
ビヤヌエバ,1991-06-19
直江　大輔,2000-06-20
増田　陸,2000-06-17
横川　凱,2000-08-30
松井　義弥,2000-06-18
戸郷　翔征,2000-04-04
デラロサ,1989-03-04
山下　航汰,2000-11-15
根尾　昂,2000-04-19
梅津　晃大,1996-10-24
勝野　昌慶,1997-06-12
滝野　要,1996-07-08
石橋　康太,2000-12-07
垣越　建伸,2000-04-03
ブリトー,1996-07-19
矢崎　拓也,1994-12-31
島内　颯太郎,1996-10-14
林　晃汰,2000-11-16
正隨　優弥,1996-04-02
小園　海斗,2000-06-07
中神　拓都,2000-05-29
田中　法彦,2000-10-19
レグナルト,1988-12-13
羽月　隆太郎,2000-04-19
ローレンス,1987-10-28
モンティージャ,1995-10-02
サンタナ,1994-08-16
大盛　穂,1996-08-31
メナ,1993-12-06
中山　翔太,1996-09-22
清水　昇,1996-10-15
坂本　光士郎,1994-09-09
マクガフ,1989-10-31
市川　悠太,2001-03-29
濱田　太貴,2000-09-04
鈴木　裕太,2000-08-02
久保　拓眞,1996-07-27
吉田　大成,1995-03-07
松本　友,1995-02-05
内山　太嗣,1996-04-21
スチュワート・ジュニア,1999-11-02
甲斐野　央,1996-11-16
杉山　一樹,1997-12-07
板東　湧梧,1995-12-27
泉　圭輔,1997-03-02
野村　大樹,2000-09-10
水谷　瞬,2001-03-09
奥村　政稔,1992-08-14
渡邉　陸,2000-09-24
岡本　直也,1996-10-30
重田　倫明,1996-05-30
中村　宜聖,2000-07-03
生田目　翼,1995-02-19
吉田　輝星,2001-01-12
金子　弌大,1983-11-08
野村　佑希,2000-06-26
ハンコック,1990-10-28
バーベイト,1992-07-11
柿木　蓮,2000-06-25
福田　俊,1996-12-14
田宮　裕涼,2000-06-13
万波　中正,2000-04-07
王　柏融,1993-09-09
海老原　一佳,1995-09-13
荒西　祐大,1992-08-25
富山　凌雅,1997-05-03
太田　椋,2001-02-14
メネセス,1992-05-06
エップラー,1993-01-05
頓宮　裕真,1996-11-17
宜保　翔,2000-11-26
左澤　優,1994-12-28
中川　圭太,1996-04-12
漆原　大晟,1996-09-10
太田　光,1996-10-14
辰己　涼介,1996-12-27
弓削　隼人,1994-04-06
ブセニッツ,1990-08-22
引地　秀一郎,2000-06-03
渡邊　佳明,1997-01-08
小郷　裕哉,1996-08-03
鈴木　翔天,1996-08-19
卓丸,1997-01-17
佐藤　智輝,2000-06-05
ブラッシュ,1989-07-04
ヒメネス,1988-01-18
清宮　虎多朗,2000-05-26
則本　佳樹,1994-05-14
山野辺　翔,1994-05-24
渡邉　勇太朗,2000-09-21
松本　航,1996-11-28
粟津　凱士,1997-03-01
森脇　亮介,1992-07-13
佐藤　龍世,1997-01-15
牧野　翔矢,2001-03-04
廖　任磊,1993-08-30
ニール,1988-11-09
東野　葵,1996-11-30
大窪　士夢,2000-08-02
中熊　大智,1996-08-27
レイビン,1988-01-21
藤原　恭大,2000-05-06
東妻　勇輔,1996-04-04
バルガス,1990-08-01
小島　和哉,1996-07-07
中村　稔弥,1996-07-08
松田　進,1994-08-29
山口　航輝,2000-08-18
古谷　拓郎,2000-04-21
土居　豪人,2000-04-02
ブランドン,1984-05-16
鎌田　光津希,1995-09-06
西　純矢,2001-09-13
井上　広大,2001-08-12
及川　雅貴,2001-04-18
ボーア,1988-05-28
エドワーズ,1988-01-08
遠藤　成,2001-09-19
ガンケル,1991-12-30
サンズ,1987-09-28
藤田　健斗,2001-10-18
小川　一平,1997-06-03
小野寺　暖,1998-03-17
奥山　皓太,1997-09-03
森　敬斗,2002-01-28
伊勢　大夢,1998-03-07
坂本　裕哉,1997-07-28
オースティン,1991-09-06
ピープルズ,1991-09-05
浅田　将汰,2001-04-23
田部　隼人,2001-12-22
東妻　純平,2001-07-03
蝦名　達夫,1997-09-20
ディアス,1999-06-10
平間　隼人,1996-12-16
加藤　壮太,1998-04-15
堀田　賢慎,2001-05-21
太田　龍,1998-11-15
ビエイラ,1993-01-07
菊田　拡和,2001-07-23
山瀬　慎之助,2001-05-04
パーラ,1987-05-06
井上　温大,2001-05-13
ディプラン,1993-12-30
伊藤　海斗,2001-04-02
ウレーニャ,1999-05-27
石川　昂弥,2001-06-22
橋本　侑樹,1998-01-08
岡野　祐一郎,1994-04-16
郡司　裕也,1997-12-27
シエラ,1988-09-24
ゴンサレス,1992-01-17
岡林　勇希,2002-02-22
竹内　龍臣,2001-12-11
マルク,1995-07-18
松田　亘哲,1997-05-16
ピレラ,1989-11-21
森下　暢仁,1997-08-25
宇草　孔基,1997-04-17
Ｋ．ジョンソン,1984-10-14
鈴木　寛人,2001-10-07
韮澤　雄也,2001-05-20
石原　貴規,1998-02-03
玉村　昇悟,2001-04-16
スコット,1992-06-01
畝　章真,1995-09-09
持丸　泰輝,2001-10-26
木下　元秀,2001-07-25
コルニエル,1995-06-23
奥川　恭伸,2001-04-16
イノーア,1993-05-26
吉田　大喜,1997-07-27
杉山　晃基,1997-06-25
大西　広樹,1997-11-08
長岡　秀樹,2001-09-26
武岡　龍世,2001-05-28
Ｃ．スチュワート・ジュニア,1999-11-02
津森　宥紀,1998-01-21
佐藤　直樹,1998-09-03
柳町　達,1997-04-20
ムーア,1989-06-18
リチャード,1999-06-18
海野　隆司,1997-07-15
小林　珠維,2001-05-07
石塚　綜一郎,2001-06-07
大関　友久,1997-12-14
伊藤　大将,2001-07-27
勝連　大稀,2001-04-30
舟越　秀虎,2001-08-23
荒木　翔太,2001-04-05
村上　舜,2001-11-01
河野　竜生,1998-05-30
立野　和明,1998-04-03
バーヘイゲン,1990-10-22
鈴木　健矢,1997-12-11
上野　響平,2001-04-26
望月　大希,1998-02-01
梅林　優貴,1998-03-14
片岡　奨人,1997-11-16
樋口　龍之介,1994-07-04
宮田　輝星,1997-12-02
長谷川　凌汰,1995-11-08
勝俣　翔貴,1997-07-20
佐藤　一磨,2001-04-16
谷岡　楓太,2001-08-29
中田　惟斗,2001-09-13
平野　大和,2001-08-07
鶴見　凌也,2001-11-22
佐藤　優悟,1997-04-02
松山　真之,2000-08-18
ジョーンズ,1985-08-01
宮城　大弥,2001-08-25
村西　良太,1997-06-06
紅林　弘太郎,2002-02-07
大下　誠一郎,1997-11-03
前　佑囲斗,2001-08-13
ヒギンス,1991-04-22
小深田　大翔,1995-09-28
Ｊ．Ｔ．シャギワ,1990-12-03
王　彦程,2001-02-14
黒川　史陽,2001-04-17
山﨑　幹史,1995-12-29
ＤＪ．ジョンソン,1989-08-30
福森　耀真,1997-09-27
津留﨑　大成,1997-10-10
瀧中　瞭太,1994-12-20
武藤　敦貴,2001-06-15
水上　桂,2001-07-05
江川　侑斗,2001-06-29
小峯　新陸,2001-12-01
山﨑　真彰,1995-09-26
澤野　聖悠,2002-03-09
宮川　哲,1995-10-10
浜屋　将太,1999-01-26
スパンジェンバーグ,1991-03-16
柘植　世那,1997-06-03
井上　広輝,2001-07-17
松岡　洸希,2000-08-31
ノリン,1989-12-26
川野　涼多,2001-06-28
上間　永遠,2001-01-31
岸　潤一郎,1996-12-08
出井　敏博,1997-04-29
佐々木　朗希,2001-11-03
佐藤　都志也,1998-01-27
髙部　瑛斗,1997-12-11
福田　光輝,1997-11-16
チェン・ウェイン,1985-07-21
横山　陸人,2001-08-05
フローレス,1989-06-04
本前　郁也,1997-10-02
植田　将太,1997-12-18
アコスタ,1993-12-23
佐藤　輝明,1999-03-13
ロハス・ジュニア,1990-05-24
伊藤　将司,1996-05-08
佐藤　蓮,1998-04-11
榮枝　裕貴,1998-05-16
村上　頌樹,1998-06-25
アルカンタラ,1992-12-04
中野　拓夢,1996-06-28
髙寺　望夢,2002-10-17
石井　大智,1997-07-29
岩田　将貴,1998-06-16
牧　秀悟,1998-04-21
入江　大生,1998-08-26
松本　隆之介,2002-07-31
小深田　大地,2003-03-25
シャッケルフォード,1989-04-07
池谷　蒼大,1999-08-02
髙田　琢登,2002-09-18
石川　達也,1998-04-15
加藤　大,2002-04-24
スターリン,1998-07-21
加藤　廉,1999-01-12
ダニエル・ミサキ,1996-04-09
デラクルーズ,2004-07-29
スモーク,1986-12-05
平内　龍太,1998-08-01
笠島　尚樹,2002-12-07
ティマ,2004-09-25
奈良木　陸,1998-04-16
木下　幹也,2002-05-01
山崎　伊織,1998-10-10
前田　研輝,1998-12-13
岡本　大翔,2002-09-12
喜多　隆介,1998-08-25
ハイネマン,1992-12-04
山﨑　友輔,1998-05-02
中山　礼都,2002-04-12
テームズ,1986-11-10
阿部　剣友,2002-05-17
保科　広一,1998-06-03
伊藤　優輔,1997-01-14
山本　一輝,1998-06-28
秋広　優人,2002-09-17
萩原　哲,1998-05-01
戸田　懐生,2000-07-22
髙橋　宏斗,2002-08-09
森　博人,1998-05-25
三好　大倫,1997-09-28
土田　龍空,2002-12-30
福島　章太,2002-10-24
加藤　翼,2002-12-14
近藤　廉,1998-09-22
ガーバー,1992-07-08
上田　洸太朗,2002-09-06
松木平　優太,2003-02-24
ワカマツ,1996-10-10
クロン,1993-02-17
大道　温貴,1999-01-20
森浦　大輔,1998-06-15
栗林　良吏,1996-07-09
バード,1993-04-12
小林　樹斗,2003-01-16
矢野　雅哉,1998-12-16
行木　俊,2001-01-08
ネバラスカス,1993-01-14
二俣　翔一,2002-10-21
並木　秀尊,1999-03-23
元山　飛優,1998-12-04
オスナ,1992-12-12
丸山　翔大,1998-08-22
下　慎之介,2002-06-18
木澤　尚文,1998-04-25
山野　太一,1999-03-24
松井　聖,1995-05-29
赤羽　由紘,2000-06-29
内山　壮真,2002-06-30
サイスニード,1992-10-01
嘉手苅　浩太,2002-12-26
ケリン,1995-05-19
牧原　巧汰,2002-07-13
井上　朋也,2003-01-28
笹川　吉康,2002-05-31
川原田　純平,2002-05-21
田上　奏大,2002-11-26
アルバレス,1988-11-07
佐藤　宏樹,1999-02-18
中道　佑哉,1998-09-04
桑原　秀侍,2002-05-29
早　真之介,2002-09-11
緒方　理貢,1998-09-22
居谷　匠真,2002-12-30
大城　真乃,2002-11-24
中村　亮太,1998-05-18
伊藤　大海,1997-08-31
古川　裕大,1998-06-19
Ｂ．ロドリゲス,1991-07-06
アーリン,1990-10-08
五十幡　亮汰,1998-11-27
Ｒ．ロドリゲス,1992-04-17
細川　凌平,2002-04-25
根本　悠楓,2003-03-31
今川　優馬,1997-01-25
松本　遼大,2002-05-17
齊藤　伸治,1998-06-13
川瀬　堅斗,2002-06-18
山下　舜平大,2002-07-16
辻垣　高良,2002-06-10
宇田川　優希,1998-11-10
釣　寿生,2002-06-30
古長　拓,1994-08-05
元　謙太,2002-05-17
中川　颯,1998-10-10
来田　涼斗,2002-10-16
ラベロ,1992-04-24
阿部　翔太,1992-11-03
スパークマン,1992-05-11
佐野　如一,1998-09-02
中川　拓真,2002-07-17
田中　将大,1988-11-01
早川　隆久,1998-07-06
高田　孝一,1998-06-03
内間　拓馬,1998-11-21
藤井　聖,1996-10-03
入江　大樹,2002-06-06
内　星龍,2002-04-24
コンリー,1990-05-24
石田　駿,1997-05-27
渡部　健人,1998-12-26
山村　崇嘉,2002-09-28
若林　楽人,1998-04-13
大曲　錬,1998-05-21
仲三河　優太,2002-10-22
水上　由伸,1998-07-13
ダーモディ,1990-07-04
赤上　優人,1999-02-10
長谷川　信哉,2002-05-17
ジョセフ,1999-03-24
豆田　泰志,2003-01-15
鈴木　昭汰,1998-09-07
エチェバリア,1989-04-15
中森　俊介,2002-05-29
小川　龍成,1998-04-05
河村　説人,1997-06-18
西川　僚祐,2002-04-19
小沼　健太,1998-06-11
谷川　唯人,2002-05-27
山本　大斗,2002-08-09
佐藤　奨真,1998-06-02
ペラルタ,2001-08-10
森木　大智,2003-04-17
鈴木　勇斗,2000-03-17
ケラー,1993-04-28
桐敷　拓馬,1999-06-20
ウィルカーソン,1989-05-24
前川　右京,2003-05-18
豊田　寛,1997-04-28
岡留　英貴,1999-11-07
中川　勇斗,2004-01-27
伊藤　稜,1999-11-08
徳山　壮磨,1999-06-06
小園　健太,2003-04-09
三浦　銀二,1999-12-30
粟飯原　龍之介,2004-02-22
深沢　鳳介,2003-11-05
ガゼルマン,1993-07-18
クリスキー,1994-02-03
梶原　昂希,1999-09-19
村川　凪,1998-06-26
東出　直也,2003-05-24
大橋　武尊,2001-05-16
マルセリーノ,2002-06-16
鈴木　大和,1999-04-27
笹原　操希,2004-02-09
大津　綾也,2003-05-28
京本　眞,2004-02-06
川嵜　陽仁,2003-11-01
大勢,1999-06-29
髙田　竜星,2002-08-19
山﨑　伊織,1998-10-10
亀田　啓太,1999-04-09
ポランコ,1991-09-14
富田　龍,1999-11-11
山田　龍聖,2000-09-07
アンドリース,1989-08-28
赤星　優志,1999-07-02
岡田　悠希,2000-01-19
ウォーカー,1991-10-18
鴨打　瑛二,2004-02-29
石田　隼都,2003-04-05
花田　侑樹,2003-06-25
クロール,1991-05-09
代木　大和,2003-09-08
菊地　大稀,1999-06-02
シューメーカー,1986-09-27
鵜飼　航丞,1999-05-30
福元　悠真,1999-12-01
石森　大誠,1997-12-03
ブライト　健太,1999-05-07
味谷　大誠,2003-06-14
星野　真生,2003-12-01
レビーラ,1999-03-23
マクブルーム,1992-04-09
森　翔平,1998-01-01
黒原　拓未,1999-11-29
中村　健人,1997-05-21
末包　昇大,1996-05-27
田村　俊介,2003-08-25
髙木　翔斗,2003-08-12
ターリー,1989-09-11
坂田　怜,1999-09-13
新家　颯,2003-08-14
前川　誠太,2003-04-04
中村　来生,2003-05-06
キブレハン,1989-12-22
丸山　和郁,1999-07-18
山下　輝,1999-09-12
岩田　幸宏,1997-07-31
柴田　大地,1997-11-07
小森　航大郎,2003-04-30
竹山　日向,2003-11-02
コール,1992-01-05
風間　球打,2003-10-11
ガルビス,1989-11-14
チャトウッド,1989-12-16
正木　智也,1999-11-05
木村　大成,2003-09-12
大竹　風雅,1999-08-22
野村　勇,1996-12-01
藤野　恵音,2003-08-23
川村　友斗,1999-08-13
アルメンタ,2004-06-26
井﨑　燦志郎,2004-02-09
三浦　瑞樹,1999-09-02
フェリックス,1999-11-29
シモン,2004-09-18
田中　怜利　ハモンド,2004-01-17
ヘラルディーノ,2004-11-20
加藤　洸稀,2003-07-21
山崎　琢磨,2003-11-06
佐久間　拓斗,2003-07-17
山本　恵大,1999-08-06
加藤　晴空,2003-04-28
瀧本　将生,2003-07-29
三代　祥貴,2004-03-29
佐藤　琢磨,2000-03-18
仲田　慶介,1999-07-25
上川畑　大悟,1997-01-12
ヌニエス,1994-04-04
達　孝太,2004-03-27
有薗　直輝,2003-05-21
ガント,1992-08-06
水野　達稀,2000-07-30
阪口　樂,2003-06-24
ポンセ,1994-04-25
畔柳　亨丞,2003-05-03
長谷川　威展,1999-08-09
松浦　慶斗,2003-07-01
北山　亘基,1999-04-10
メネズ,1995-05-29
福島　蓮,2003-04-25
速水　隆成,1997-07-28
柳川　大晟,2003-08-21
阿部　和広,2003-05-12
渡部　遼人,1999-09-02
バレラ,1992-01-08
野口　智哉,1999-09-20
マッカーシー,1994-02-23
椋木　蓮,2000-01-22
山中　尭之,1999-03-10
園部　佳太,1999-08-24
大里　昂生,1999-07-07
福永　奨,1999-07-28
池田　陵真,2003-08-24
横山　楓,1997-12-28
小木田　敦也,1998-10-10
ワゲスパック,1993-11-05
ビドル,1991-10-22
吉野　創士,2003-10-27
マルモレホス,1993-01-02
前田　銀治,2003-11-19
岩見　政暉,1994-07-10
ギッテンス,1994-02-04
松井　友飛,1999-10-11
西垣　雅矢,1999-06-21
安田　悠馬,2000-03-03
泰　勝利,2003-11-11
吉川　雄大,1996-12-12
宮森　智志,1998-05-28
マーキ,1995-09-26
柳澤　大空,2003-05-31
大河原　翔,2003-08-17
隅田　知一郎,1999-08-20
佐藤　隼輔,2000-01-03
古賀　悠斗,1999-09-10
オグレディ,1992-05-17
ジャンセン・ウィティ,1990-01-04
ボー・タカハシ,1997-01-23
羽田　慎之介,2003-12-25
中山　誠吾,1999-05-09
スミス,1990-04-12
黒田　将矢,2004-01-24
滝澤　夏央,2003-08-13
エンス,1991-05-16
コドラド,1997-09-12
ヘレラ,1998-01-01
古市　尊,2002-06-15
菅井　信也,2003-06-28
川村　啓真,1999-09-06
池田　来翔,1999-12-11
松川　虎生,2003-10-20
廣畑　敦也,1997-12-03
八木　彬,1997-05-26
秋山　正雲,2003-04-29
田中　楓基,2003-08-23
速水　将大,2000-10-26
永島田　輝斗,2003-11-30
村山　亮介,2003-11-12
森下　翔太,2000-08-14
ノイジー,1994-12-10
Ｂ．ケラー,1994-06-21
門別　啓人,2004-07-10
井坪　陽生,2005-03-17
Ｋ．ケラー,1993-04-28
戸井　零士,2005-01-18
茨木　秀俊,2004-06-08
富田　蓮,2001-09-06
ミエセス,1995-07-13
ブルワー,1992-10-29
ビーズリー,1995-11-20
野口　恭佑,2000-07-17
林　琢真,2000-08-24
松尾　汐恩,2004-07-06
吉野　光樹,1998-07-19
橋本　達弥,2000-07-18
森下　瑠大,2004-09-19
アンバギー,1994-10-24
ウェンデルケン,1993-03-24
上甲　凌大,2001-01-29
バウアー,1991-01-17
蓮,2004-07-18
草野　陽斗,2004-06-07
渡辺　明貴,2000-01-29
今野　瑠斗,2004-07-13
中田　歩夢,2004-06-27
相澤　白虎,2004-05-28
萩尾　匡也,2000-12-28
田村　朋輝,2004-04-06
吉村　優聖歩,2004-12-08
北村　流音,2005-02-20
グリフィン,1995-07-27
三塚　琉生,2004-05-10
鈴木　康平,1994-01-21
ビーディ,1993-05-23
森本　哲星,2004-09-03
ルシアーノ,2000-02-15
門脇　誠,2001-01-24
ブリンソン,1994-05-08
大城　元,2004-07-12
田中　千晴,2000-09-21
バルドナード,1993-02-01
浅野　翔吾,2004-11-24
船迫　大雅,1996-10-16
松井　颯,2000-09-14
田中　幹也,2000-11-28
村松　開人,2001-01-06
アキーノ,1994-04-22
仲地　礼亜,2001-02-15
濱　将乃介,2000-05-03
森山　暁生,2005-01-11
龍空,2002-12-30
山浅　龍之介,2004-04-21
福永　裕基,1996-09-16
松山　晋也,2000-06-23
フェリス,1993-06-28
樋口　正修,1998-11-17
カリステ,1992-02-03
野中　天翔,2005-02-05
益田　武尚,1998-10-06
長谷部　銀次,1998-07-29
河野　佳,2001-08-23
斉藤　優汰,2004-05-27
久保　修,2000-09-29
清水　叶人,2004-07-06
内田　湘大,2004-09-22
デビッドソン,1991-03-26
中村　貴浩,2000-04-09
名原　典彦,2000-06-24
辻　大雅,2004-08-29
ケラ,1993-04-16
吉村　貢司郎,1998-01-19
橋本　星哉,2000-09-18
西村　瑠伊斗,2004-07-01
澤井　廉,2000-05-31
北村　恵吾,2000-12-18
坂本　拓己,2004-07-06
ピーターズ,1992-08-31
エスピナル,1991-10-06
アストゥディーヨ,1991-10-14
ホーキンス,1993-11-12
大津　亮介,1999-01-13
イヒネ　イツア,2004-09-02
生海,2000-07-11
松本　晴,2001-02-24
大野　稼頭央,2004-08-06
ヘルナンデス,1996-12-17
吉田　賢吾,2001-01-18
木村　光,2000-07-02
赤羽　蓮,2004-04-09
山下　恭吾,2004-07-07
内野　海斗,2004-07-28
岡植　純平,2004-07-10
佐々木　明都,2005-01-02
水口　創太,1999-08-09
宮﨑　颯,2000-06-14
重松　凱人,2000-04-12
前田　純,2000-06-04
佐藤　航太,2004-04-07
飛田　悠成,2005-03-13
西尾　歩真,2000-06-20
盛島　稜大,2004-05-27
オスーナ,2007-03-27
加藤　豪将,1994-10-08
矢澤　宏太,2000-08-02
金村　尚真,2000-08-29
マーベル,1993-09-17
安西　叶翔,2004-11-13
奈良間　大己,2000-05-08
宮内　春輝,1996-05-25
ハンソン,1992-10-22
藤田　大清,2004-08-23
中山　晶量,1999-02-08
山口　アタル,1999-05-28
山本　晃大,1999-04-23
ゴンザレス,1989-03-14
曽谷　龍平,2000-11-30
シュウィンデル,1992-06-29
内藤　鵬,2004-10-05
齋藤　響介,2004-11-18
西濱　勇星,2002-11-23
才木　海翔,2000-06-10
入山　海斗,2000-05-26
杉澤　龍,2000-06-02
村上　喬一朗,2000-12-01
セデーニョ,1998-08-22
コットン,1992-01-19
日髙　暖己,2004-09-16
ニックス,1996-01-09
茶野　篤政,1999-08-04
バニュエロス,1991-03-13
荘司　康誠,2000-10-13
小孫　竜二,1997-09-15
フランコ,1992-08-26
平良　竜哉,1998-07-09
渡辺　翔太,2000-10-29
伊藤　茉央,2000-11-19
林　優樹,2001-10-29
辰見　鴻之介,2000-11-24
古賀　康誠,2004-09-03
永田　颯太郎,2000-10-11
竹下　瑛広,2000-05-20
児玉　亮涼,1998-07-10
蛭間　拓哉,2000-09-08
ペイトン,1991-12-07
青山　美夏人,2000-07-19
マキノン,1994-12-15
古川　雄大,2004-05-25
山田　陽翔,2004-05-09
野田　海人,2005-03-18
ティノコ,1995-04-30
野村　和輝,2003-06-07
モンテル,2000-03-18
三浦　大輝,2000-04-07
是澤　涼輔,2000-04-19
友杉　篤輝,2000-11-07
菊地　吏玖,2000-06-13
高野　脩汰,1998-08-13
田中　晴也,2004-06-06
ペルドモ,1993-05-09
金田　優太,2005-02-12
ブロッソー,1994-03-15
吉川　悠斗,2005-03-14
白濱　快起,2004-07-05
勝又　琉偉,2004-10-07
黒川　凱星,2004-04-05
アポステル,1999-03-11
ゲラ,1995-09-25
下村　海翔,2002-03-27
椎葉　剛,2002-03-18
山田　脩也,2005-08-20
百﨑　蒼生,2005-09-11
石黒　佑弥,2001-06-20
津田　淳哉,2001-08-27
松原　快,1999-08-24
福島　圭音,2001-10-06
ベタンセス,1999-10-17
度会　隆輝,2002-10-04
武田　陸玖,2005-06-06
松本　凌人,2001-12-05
石上　泰輝,2001-05-18
石田　裕太郎,2002-01-22
井上　絢登,2000-02-23
ウィック,1992-11-09
ケイ,1995-03-21
フォード,1992-07-04
清水　麻成,2005-10-06
モロン,2000-12-28
庄司　陽斗,2001-05-31
小笠原　蒼,2005-10-20
近藤　大雅,2005-09-18
高見澤　郁魅,2006-01-18
村山　源,2005-06-27
田上　優弥,2005-06-08
宇都宮　葵星,2004-06-23
三浦　克也,2001-04-28
千葉　隆広,2005-05-15
西舘　勇陽,2002-03-11
園田　純規,2005-07-07
オドーア,1994-02-03
平山　功太,2004-03-16
泉口　友汰,1999-05-17
モンテス,1996-10-07
黄　錦豪,2005-12-04
佐々木　俊輔,1999-11-06
又木　鉄平,1999-02-12
森田　駿哉,1997-02-11
尾田　剛樹,2000-08-03
草加　勝,2001-11-21
津田　啓史,2002-11-23
辻本　倫太郎,2001-08-11
福田　幸之介,2005-08-11
土生　翔太,2001-03-10
ディカーソン,1990-05-26
加藤　竜馬,1999-05-13
日渡　騰輝,2004-09-20
菊田　翔友,2003-09-25
川上　理偉,2001-03-10
モニエル,2001-04-17
レイノルズ,1990-12-03
常廣　羽也斗,2001-09-18
髙　太一,2001-07-26
滝田　一希,2001-12-28
赤塚　健利,2001-07-01
ハッチ,1994-09-29
仲田　侑仁,2005-07-31
ハーン,1994-08-30
佐藤　啓介,2001-05-24
シャイナー,1995-08-13
杉田　健,2001-08-28
杉原　望来,2005-09-23
ラミレス,2002-02-01
ロベルト,2000-10-27
西舘　昂汰,2001-06-09
翔聖,2005-12-17
髙野　颯太,2005-07-28
松本　健吾,1999-04-14
石原　勇輝,2001-08-30
エスパーダ,1997-02-22
鈴木　叶,2006-03-21
伊藤　琉偉,2002-09-11
ヤフーレ,1998-05-01
ダウンズ,1998-07-27
岩井　俊介,2001-07-30
廣瀨　隆太,2001-04-07
村田　賢一,2001-08-31
澤柳　亮太郎,2000-03-08
前田　悠伍,2005-08-04
大山　凌,2002-03-27
藤田　悠太郎,2005-06-03
大泉　周也,1999-09-16
宮里　優吾,2001-09-27
佐倉　侠史朗,2005-11-03
中澤　恒貴,2005-07-03
星野　恒太朗,2001-10-24
藤原　大翔,2005-12-26
ハモンド,2004-01-17
藤田　淳平,2000-05-14
長水　啓眞,2005-08-08
サルディ,2005-11-12
スティーブンソン,1994-06-01
細野　晴希,2002-02-26
マーフィー,1995-06-10
進藤　勇也,2002-03-10
宮崎　一樹,2001-08-30
ザバラ,1996-12-21
明瀬　諒介,2005-08-25
星野　ひので,2005-04-18
レイエス,1995-07-07
濵田　泰希,2005-11-28
平田　大樹,2005-08-25
加藤　大和,2006-01-12
孫　易磊,2005-02-10
エスピノーザ,1998-03-09
横山　聖哉,2005-10-28
寿賀　弘都,2005-06-16
大江　海透,2000-01-13
マチャド,1993-04-22
宮國　凌空,2005-08-07
芦田　丈飛,2000-02-09
トーマス,1994-10-08
河野　聡太,2000-05-22
東松　快征,2005-04-29
堀　柊那,2005-07-16
河内　康介,2005-04-16
髙島　泰都,1999-12-03
古田島　成龍,1999-06-29
権田　琉成,2000-01-28
古謝　樹,2001-08-18
中島　大輔,2001-06-04
坂井　陽翔,2005-04-05
日當　直喜,2005-07-06
ワォーターズ　璃海ジュミル,2005-10-14
松田　啄磨,2002-02-26
大内　誠弥,2006-03-09
青野　拓海,2005-07-26
ヤン,1996-08-17
上田　大河,2001-11-15
武内　夏暉,2001-07-21
糸川　亮太,1998-04-30
成田　晴風,2006-02-27
アギラー,1990-06-30
杉山　遙希,2005-09-23
宮澤　太成,1999-04-15
奥村　光一,1999-12-24
村田　怜音,2001-08-04
シンクレア,2001-06-12
谷口　朝陽,2004-04-03
川下　将勲,2005-04-03
金子　功児,2003-09-02
木瀬　翔太,2005-04-05
上田　希由翔,2001-08-12
大谷　輝龍,2000-07-11
ダイクストラ,1990-11-22
カイケル,1988-01-01
木村　優人,2005-06-01
早坂　響,2005-07-26
フェルナンデス,1997-03-02
寺地　隆成,2005-08-19
武内　涼太,2005-10-25
松石　信八,2005-12-18
髙野　光海,2004-06-17
藤田　和樹,2005-11-04
富山　紘之進,2005-09-18
伊原　陵人,2000-08-07
デュプランティエ,1994-07-11
工藤　泰成,2001-11-19
今朝丸　裕喜,2006-06-02
早川　太貴,1999-12-18
ネルソン,1995-12-05
町田　隼乙,2003-04-03
佐野　大陽,2002-02-14
木下　里都,2001-01-27
ハートウィグ,1997-12-18
嶋村　麟士朗,2003-07-13
川﨑　俊哲,2001-05-02
アルナエス,2002-08-22
コンスエグラ,2000-09-24
竹田　祐,1999-07-05
篠木　健太郎,2002-05-07
加藤　響,2002-06-15
若松　尚輝,2000-05-10
坂口　翔颯,2002-09-12
颯,1998-10-10
田内　真翔,2007-03-06
金渕　光希,2006-10-01
吉岡　暖,2006-08-28
小針　大輝,2006-10-10
キャベッジ,1997-05-03
堀江　正太郎,2006-10-08
鈴木　圭晋,2006-07-09
石塚　裕惺,2006-04-06
坂本　達也,2002-08-31
竹下　徠空,2006-11-12
西川　歩,2006-11-15
吹田　志道,2007-02-21
浦田　俊輔,2002-08-30
フルプ,1999-01-09
宮原　駿介,2002-09-12
荒巻　悠,2002-12-23
石田　充冴,2006-07-21
石伊　雄太,2000-08-18
金丸　夢斗,2003-02-01
チェイビス,1995-08-11
ボスラー,1993-09-06
森　駿太,2006-12-25
吉田　聖弥,2002-05-23
高橋　幸佑,2006-12-31
有馬　惠叶,2006-09-20
マラー,1997-10-07
ウォルターズ,1997-05-18
中村　奈一輝,2006-08-16
井上　剣也,2006-12-20
佐々木　泰,2002-12-24
佐藤　柳之介,2002-11-01
渡邉　悠斗,2002-07-07
岡本　駿,2002-06-12
ファビアン,1998-03-06
菊地　ハルン,2007-01-21
モンテロ,1998-08-17
安竹　俊喜,2001-04-17
小船　翼,2006-06-20
竹下　海斗,2006-11-06
アビラ,1997-01-14
廣澤　優,2001-04-27
中村　優斗,2003-02-08
松本　龍之介,2005-03-01
根岸　辰昇,2000-09-20
荘司　宏太,2000-05-22
モイセエフ　ニキータ,2006-11-29
ランバート,1997-04-18
田中　陽翔,2006-06-25
矢野　泰二郎,2002-05-22
バウマン,1995-09-10
下川　隼佑,2000-03-22
村上　泰斗,2007-02-20
庄子　雄大,2002-10-02
安德　駿,2002-05-18
宇野　真仁朗,2006-07-05
石見　颯真,2006-06-10
岩崎　峻典,2003-03-11
川口　冬弥,1999-10-26
ザイレン,2006-05-29
大友　宗,1999-07-23
広瀬　結煌,2007-02-22
河野　伸一朗,2006-08-20
津嘉山　憲志郎,2006-07-24
相原　雄太,2002-06-16
岡田　皓一朗,2002-06-04
漁府　輝羽,2002-07-16
木下　勇人,2006-08-06
熊谷　太雅,2006-10-17
塩士　暖,2006-05-18
張　峻ウェイ,2005-11-14
伊藤　大海,1997-08-31
柴田　獅子,2006-04-18
藤田　琉生,2006-11-17
浅利　太門,2002-09-06
古林　睿煬,2000-06-12
山縣　秀,2002-05-01
清水　大暉,2006-07-17
山城　航太郎,2002-09-03
川勝　空人,2007-02-11
澁谷　純希,2006-11-25
マイカ与那嶺,2000-10-10
麦谷　祐介,2002-07-27
寺西　成騎,2002-10-18
陳　睦衡,2006-03-23
オリバレス,1996-03-06
東山　玲士,2000-05-05
山口　廉王,2006-05-14
片山　楽生,2002-10-07
山中　稜真,2000-12-14
今坂　幸暉,2006-10-19
清水　武蔵,2003-04-14
上原　堆我,2007-03-13
寺本　聖一,2003-02-05
田島　光祐,2000-04-09
乾　健斗,2006-06-28
博志,1997-03-22
デール,2000-09-11
宗山　塁,2003-02-27
ボイト,1991-02-13
ハワード,1996-07-28
中込　陽翔,2002-01-23
德山　一翔,2002-04-11
吉納　翼,2002-08-16
江原　雅裕,2000-08-03
陽　柏翔,2005-01-23
岸本　佑也,2007-01-30
蕭　齊,2006-01-04
齋藤　大翔,2007-01-27
渡部　聖弥,2002-08-31
デービス,1993-04-27
ネビン,1997-05-29
佐藤　太陽,2002-05-19
林　冠臣,2002-12-30
ウィンゲンター,1994-04-15
狩生　聖真,2006-12-25
篠原　響,2006-09-20
Ｅ．ラミレス,1994-07-15
古賀　輝希,2000-08-25
龍山　暖,2006-05-13
冨士　大和,2006-08-26
ラマル,2006-04-08
佐藤　爽,2003-02-09
川野　涼太,2001-06-28
澤田　遥斗,2006-07-30
福尾　遥真,2006-04-06
オケム,2006-04-10
西川　史礁,2003-03-25
一條　力真,2003-02-10
サモンズ,1995-04-27
宮崎　竜成,2000-12-09
立松　由宇,1999-02-05
ボス,1992-06-26
坂井　遼,2006-05-08
廣池　康志郎,2002-09-16
アセベド,2002-08-02
谷村　剛,2006-09-15
茨木　佑太,2006-05-09
長島　幸佑,2002-07-05
パラシオス,2004-03-19
